ID:,Status:,Post:
1,Ready,Cannabis is one of the oldest cultivated crops in the world with a history dating back thousands of years.
2,Ready,There are three primary species of cannabis: Cannabis sativa Cannabis indica and Cannabis ruderalis. Different strains have varying effects on users.
3,Ready,"The active compounds in cannabis responsible for its effects are called cannabinoids. The most well-known cannabinoid is delta-9-tetrahydrocannabinol (THC), which is responsible for the plant's psychoactive properties."
4,Ready,"Another important cannabinoid is cannabidiol (CBD), which does not produce a ""high"" but has potential medical benefits, such as pain relief and anti-anxiety effects."
5,Ready,"Cannabis has been used for medicinal purposes for centuries, with historical records suggesting it was used in ancient China, India, and Egypt."
6,Ready,"The Netherlands was one of the first countries to decriminalize the possession and sale of small quantities of cannabis for personal use in the 1970s. It is often associated with the famous Dutch ""coffee shops."""
7,Ready,"In the United States, cannabis is classified as a Schedule I controlled substance at the federal level, but many states have legalized it for medical and recreational use."
8,Ready,"The term ""420"" is a slang term that originated in the 1970s and is often associated with cannabis culture. It is used to refer to the consumption or celebration of cannabis, especially on April 20th (4/20)."
9,Ready,"Cannabis plants can be male or female, with the female plants producing the flowers (buds) that are typically harvested for their psychoactive and medicinal properties."
10,Ready,"Cannabis consumption methods include smoking, vaping, edibles, tinctures, and topicals, offering a variety of options for users to choose from."
11,Ready,
12,Ready,
13,Ready,
14,Ready,
15,Ready,
16,,
17,,
18,,
19,,
20,,
21,,
22,,
23,,
24,,
25,,
26,,
27,,
28,,
29,,
30,,
31,,